TARGET_CLASS,criterion,Coverage,Total_Goals,Covered_Goals
collections.comparators.FixedOrderComparator,LINE;BRANCH;EXCEPTION;WEAKMUTATION;OUTPUT;METHOD;METHODNOEXCEPTION;CBRANCH,0.9744062661340724,313,301
collections.comparators.FixedOrderComparator,LINE;BRANCH;EXCEPTION;WEAKMUTATION;OUTPUT;METHOD;METHODNOEXCEPTION;CBRANCH,0.9744062661340724,314,301
collections.iterators.FilterIterator,LINE;BRANCH;EXCEPTION;WEAKMUTATION;OUTPUT;METHOD;METHODNOEXCEPTION;CBRANCH,0.984375,133,132
collections.map.PredicatedMap,LINE;BRANCH;EXCEPTION;WEAKMUTATION;OUTPUT;METHOD;METHODNOEXCEPTION;CBRANCH,0.9791666666666666,141,139
math.genetics.ElitisticListPopulation,LINE;BRANCH;EXCEPTION;WEAKMUTATION;OUTPUT;METHOD;METHODNOEXCEPTION;CBRANCH,0.9320652173913043,115,108
collections.comparators.FixedOrderComparator,LINE;BRANCH;EXCEPTION;WEAKMUTATION;OUTPUT;METHOD;METHODNOEXCEPTION;CBRANCH,0.9744062661340724,313,302
collections.iterators.FilterIterator,LINE;BRANCH;EXCEPTION;WEAKMUTATION;OUTPUT;METHOD;METHODNOEXCEPTION;CBRANCH,0.8831601770262761,132,120
collections.map.PredicatedMap,LINE;BRANCH;EXCEPTION;WEAKMUTATION;OUTPUT;METHOD;METHODNOEXCEPTION;CBRANCH,0.9791666666666666,141,139
math.genetics.ElitisticListPopulation,LINE;BRANCH;EXCEPTION;WEAKMUTATION;OUTPUT;METHOD;METHODNOEXCEPTION;CBRANCH,0.9320652173913043,114,107
collections.comparators.FixedOrderComparator,LINE;BRANCH;EXCEPTION;WEAKMUTATION;OUTPUT;METHOD;METHODNOEXCEPTION;CBRANCH,0.9744062661340724,313,302
collections.iterators.FilterIterator,LINE;BRANCH;EXCEPTION;WEAKMUTATION;OUTPUT;METHOD;METHODNOEXCEPTION;CBRANCH,0.9606590358815591,133,128
collections.map.PredicatedMap,LINE;BRANCH;EXCEPTION;WEAKMUTATION;OUTPUT;METHOD;METHODNOEXCEPTION;CBRANCH,0.9791666666666666,141,139
math.genetics.ElitisticListPopulation,LINE;BRANCH;EXCEPTION;WEAKMUTATION;OUTPUT;METHOD;METHODNOEXCEPTION;CBRANCH,0.9347826086956521,115,109
collections.comparators.FixedOrderComparator,LINE;BRANCH;EXCEPTION;WEAKMUTATION;OUTPUT;METHOD;METHODNOEXCEPTION;CBRANCH,0.9744062661340724,314,300
collections.iterators.FilterIterator,LINE;BRANCH;EXCEPTION;WEAKMUTATION;OUTPUT;METHOD;METHODNOEXCEPTION;CBRANCH,0.909343246407875,132,123
collections.map.PredicatedMap,LINE;BRANCH;EXCEPTION;WEAKMUTATION;OUTPUT;METHOD;METHODNOEXCEPTION;CBRANCH,0.9791666666666666,141,138
math.genetics.ElitisticListPopulation,LINE;BRANCH;EXCEPTION;WEAKMUTATION;OUTPUT;METHOD;METHODNOEXCEPTION;CBRANCH,0.9320652173913043,114,107
collections.comparators.FixedOrderComparator,LINE;BRANCH;EXCEPTION;WEAKMUTATION;OUTPUT;METHOD;METHODNOEXCEPTION;CBRANCH,0.9744062661340724,314,303
collections.iterators.FilterIterator,LINE;BRANCH;EXCEPTION;WEAKMUTATION;OUTPUT;METHOD;METHODNOEXCEPTION;CBRANCH,0.7544189588790982,132,101
collections.map.PredicatedMap,LINE;BRANCH;EXCEPTION;WEAKMUTATION;OUTPUT;METHOD;METHODNOEXCEPTION;CBRANCH,0.8541666666666667,141,139
math.genetics.ElitisticListPopulation,LINE;BRANCH;EXCEPTION;WEAKMUTATION;OUTPUT;METHOD;METHODNOEXCEPTION;CBRANCH,0.9347826086956521,113,107
collections.comparators.FixedOrderComparator,LINE;BRANCH;EXCEPTION;WEAKMUTATION;OUTPUT;METHOD;METHODNOEXCEPTION;CBRANCH,0.9744062661340724,314,303
collections.iterators.FilterIterator,LINE;BRANCH;EXCEPTION;WEAKMUTATION;OUTPUT;METHOD;METHODNOEXCEPTION;CBRANCH,0.971217105263158,133,130
collections.map.PredicatedMap,LINE;BRANCH;EXCEPTION;WEAKMUTATION;OUTPUT;METHOD;METHODNOEXCEPTION;CBRANCH,0.9791666666666666,141,138
math.genetics.ElitisticListPopulation,LINE;BRANCH;EXCEPTION;WEAKMUTATION;OUTPUT;METHOD;METHODNOEXCEPTION;CBRANCH,0.9320652173913043,114,107
collections.comparators.FixedOrderComparator,LINE;BRANCH;EXCEPTION;WEAKMUTATION;OUTPUT;METHOD;METHODNOEXCEPTION;CBRANCH,0.9744062661340724,314,303
collections.iterators.FilterIterator,LINE;BRANCH;EXCEPTION;WEAKMUTATION;OUTPUT;METHOD;METHODNOEXCEPTION;CBRANCH,0.8562390847027072,131,113
collections.map.PredicatedMap,LINE;BRANCH;EXCEPTION;WEAKMUTATION;OUTPUT;METHOD;METHODNOEXCEPTION;CBRANCH,0.9791666666666666,142,140
math.genetics.ElitisticListPopulation,LINE;BRANCH;EXCEPTION;WEAKMUTATION;OUTPUT;METHOD;METHODNOEXCEPTION;CBRANCH,0.9320652173913043,114,107
collections.comparators.FixedOrderComparator,LINE;BRANCH;EXCEPTION;WEAKMUTATION;OUTPUT;METHOD;METHODNOEXCEPTION;CBRANCH,0.9744062661340724,313,302
collections.iterators.FilterIterator,LINE;BRANCH;EXCEPTION;WEAKMUTATION;OUTPUT;METHOD;METHODNOEXCEPTION;CBRANCH,0.984375,133,132
collections.map.PredicatedMap,LINE;BRANCH;EXCEPTION;WEAKMUTATION;OUTPUT;METHOD;METHODNOEXCEPTION;CBRANCH,0.9791666666666666,142,139
math.genetics.ElitisticListPopulation,LINE;BRANCH;EXCEPTION;WEAKMUTATION;OUTPUT;METHOD;METHODNOEXCEPTION;CBRANCH,0.9320652173913043,114,107
collections.comparators.FixedOrderComparator,LINE;BRANCH;EXCEPTION;WEAKMUTATION;OUTPUT;METHOD;METHODNOEXCEPTION;CBRANCH,0.9744062661340724,315,298
collections.iterators.FilterIterator,LINE;BRANCH;EXCEPTION;WEAKMUTATION;OUTPUT;METHOD;METHODNOEXCEPTION;CBRANCH,0.895580048821148,132,119
collections.map.PredicatedMap,LINE;BRANCH;EXCEPTION;WEAKMUTATION;OUTPUT;METHOD;METHODNOEXCEPTION;CBRANCH,0.9791666666666666,141,139
math.genetics.ElitisticListPopulation,LINE;BRANCH;EXCEPTION;WEAKMUTATION;OUTPUT;METHOD;METHODNOEXCEPTION;CBRANCH,0.9347826086956521,115,108
collections.comparators.FixedOrderComparator,LINE;BRANCH;EXCEPTION;WEAKMUTATION;OUTPUT;METHOD;METHODNOEXCEPTION;CBRANCH,0.9744062661340724,314,303
collections.iterators.FilterIterator,LINE;BRANCH;EXCEPTION;WEAKMUTATION;OUTPUT;METHOD;METHODNOEXCEPTION;CBRANCH,0.8031349229975391,131,105
collections.map.PredicatedMap,LINE;BRANCH;EXCEPTION;WEAKMUTATION;OUTPUT;METHOD;METHODNOEXCEPTION;CBRANCH,0.8541666666666667,140,137
math.genetics.ElitisticListPopulation,LINE;BRANCH;EXCEPTION;WEAKMUTATION;OUTPUT;METHOD;METHODNOEXCEPTION;CBRANCH,0.9320652173913043,115,108
collections.comparators.FixedOrderComparator,LINE;BRANCH;EXCEPTION;WEAKMUTATION;OUTPUT;METHOD;METHODNOEXCEPTION;CBRANCH,0.9744062661340724,314,302
collections.iterators.FilterIterator,LINE;BRANCH;EXCEPTION;WEAKMUTATION;OUTPUT;METHOD;METHODNOEXCEPTION;CBRANCH,0.8667971540843059,131,115
collections.map.PredicatedMap,LINE;BRANCH;EXCEPTION;WEAKMUTATION;OUTPUT;METHOD;METHODNOEXCEPTION;CBRANCH,0.9791666666666666,138,136
math.genetics.ElitisticListPopulation,LINE;BRANCH;EXCEPTION;WEAKMUTATION;OUTPUT;METHOD;METHODNOEXCEPTION;CBRANCH,0.9347826086956521,115,109
collections.comparators.FixedOrderComparator,LINE;BRANCH;EXCEPTION;WEAKMUTATION;OUTPUT;METHOD;METHODNOEXCEPTION;CBRANCH,0.9744062661340724,313,301
collections.iterators.FilterIterator,LINE;BRANCH;EXCEPTION;WEAKMUTATION;OUTPUT;METHOD;METHODNOEXCEPTION;CBRANCH,0.923785177026276,131,120
collections.map.PredicatedMap,LINE;BRANCH;EXCEPTION;WEAKMUTATION;OUTPUT;METHOD;METHODNOEXCEPTION;CBRANCH,0.9791666666666666,139,137
math.genetics.ElitisticListPopulation,LINE;BRANCH;EXCEPTION;WEAKMUTATION;OUTPUT;METHOD;METHODNOEXCEPTION;CBRANCH,0.8665157004830917,114,96
collections.comparators.FixedOrderComparator,LINE;BRANCH;EXCEPTION;WEAKMUTATION;OUTPUT;METHOD;METHODNOEXCEPTION;CBRANCH,0.9744062661340724,313,302
collections.iterators.FilterIterator,LINE;BRANCH;EXCEPTION;WEAKMUTATION;OUTPUT;METHOD;METHODNOEXCEPTION;CBRANCH,0.7544189588790982,132,101
collections.map.PredicatedMap,LINE;BRANCH;EXCEPTION;WEAKMUTATION;OUTPUT;METHOD;METHODNOEXCEPTION;CBRANCH,0.8541666666666667,139,136
math.genetics.ElitisticListPopulation,LINE;BRANCH;EXCEPTION;WEAKMUTATION;OUTPUT;METHOD;METHODNOEXCEPTION;CBRANCH,0.9320652173913043,114,107
collections.comparators.FixedOrderComparator,LINE;BRANCH;EXCEPTION;WEAKMUTATION;OUTPUT;METHOD;METHODNOEXCEPTION;CBRANCH,0.9744062661340724,313,302
collections.iterators.FilterIterator,LINE;BRANCH;EXCEPTION;WEAKMUTATION;OUTPUT;METHOD;METHODNOEXCEPTION;CBRANCH,0.7544189588790982,131,100
collections.map.PredicatedMap,LINE;BRANCH;EXCEPTION;WEAKMUTATION;OUTPUT;METHOD;METHODNOEXCEPTION;CBRANCH,0.9791666666666666,142,140
math.genetics.ElitisticListPopulation,LINE;BRANCH;EXCEPTION;WEAKMUTATION;OUTPUT;METHOD;METHODNOEXCEPTION;CBRANCH,0.9320652173913043,115,108
collections.comparators.FixedOrderComparator,LINE;BRANCH;EXCEPTION;WEAKMUTATION;OUTPUT;METHOD;METHODNOEXCEPTION;CBRANCH,0.9744062661340724,314,303
collections.iterators.FilterIterator,LINE;BRANCH;EXCEPTION;WEAKMUTATION;OUTPUT;METHOD;METHODNOEXCEPTION;CBRANCH,0.963126141144717,132,126
collections.map.PredicatedMap,LINE;BRANCH;EXCEPTION;WEAKMUTATION;OUTPUT;METHOD;METHODNOEXCEPTION;CBRANCH,0.9791666666666666,139,137
math.genetics.ElitisticListPopulation,LINE;BRANCH;EXCEPTION;WEAKMUTATION;OUTPUT;METHOD;METHODNOEXCEPTION;CBRANCH,0.9320652173913043,114,107
collections.comparators.FixedOrderComparator,LINE;BRANCH;EXCEPTION;WEAKMUTATION;OUTPUT;METHOD;METHODNOEXCEPTION;CBRANCH,0.9744062661340724,314,303
collections.iterators.FilterIterator,LINE;BRANCH;EXCEPTION;WEAKMUTATION;OUTPUT;METHOD;METHODNOEXCEPTION;CBRANCH,0.8517499206160196,133,117
collections.map.PredicatedMap,LINE;BRANCH;EXCEPTION;WEAKMUTATION;OUTPUT;METHOD;METHODNOEXCEPTION;CBRANCH,0.8541666666666667,139,136
math.genetics.ElitisticListPopulation,LINE;BRANCH;EXCEPTION;WEAKMUTATION;OUTPUT;METHOD;METHODNOEXCEPTION;CBRANCH,0.9347826086956521,114,108
collections.comparators.FixedOrderComparator,LINE;BRANCH;EXCEPTION;WEAKMUTATION;OUTPUT;METHOD;METHODNOEXCEPTION;CBRANCH,0.9744062661340724,314,303
collections.iterators.FilterIterator,LINE;BRANCH;EXCEPTION;WEAKMUTATION;OUTPUT;METHOD;METHODNOEXCEPTION;CBRANCH,0.9080592105263158,133,128
collections.map.PredicatedMap,LINE;BRANCH;EXCEPTION;WEAKMUTATION;OUTPUT;METHOD;METHODNOEXCEPTION;CBRANCH,0.8541666666666667,141,138
math.genetics.ElitisticListPopulation,LINE;BRANCH;EXCEPTION;WEAKMUTATION;OUTPUT;METHOD;METHODNOEXCEPTION;CBRANCH,0.9320652173913043,115,108
collections.comparators.FixedOrderComparator,LINE;BRANCH;EXCEPTION;WEAKMUTATION;OUTPUT;METHOD;METHODNOEXCEPTION;CBRANCH,0.9744062661340724,313,301
collections.iterators.FilterIterator,LINE;BRANCH;EXCEPTION;WEAKMUTATION;OUTPUT;METHOD;METHODNOEXCEPTION;CBRANCH,0.7544189588790982,132,101
collections.map.PredicatedMap,LINE;BRANCH;EXCEPTION;WEAKMUTATION;OUTPUT;METHOD;METHODNOEXCEPTION;CBRANCH,0.9791666666666666,140,138
math.genetics.ElitisticListPopulation,LINE;BRANCH;EXCEPTION;WEAKMUTATION;OUTPUT;METHOD;METHODNOEXCEPTION;CBRANCH,0.9347826086956521,114,105
collections.comparators.FixedOrderComparator,LINE;BRANCH;EXCEPTION;WEAKMUTATION;OUTPUT;METHOD;METHODNOEXCEPTION;CBRANCH,0.9744062661340724,313,302
collections.iterators.FilterIterator,LINE;BRANCH;EXCEPTION;WEAKMUTATION;OUTPUT;METHOD;METHODNOEXCEPTION;CBRANCH,0.75121383067397,132,100
collections.map.PredicatedMap,LINE;BRANCH;EXCEPTION;WEAKMUTATION;OUTPUT;METHOD;METHODNOEXCEPTION;CBRANCH,0.9791666666666666,144,141
math.genetics.ElitisticListPopulation,LINE;BRANCH;EXCEPTION;WEAKMUTATION;OUTPUT;METHOD;METHODNOEXCEPTION;CBRANCH,0.9320652173913043,115,107
collections.comparators.FixedOrderComparator,LINE;BRANCH;EXCEPTION;WEAKMUTATION;OUTPUT;METHOD;METHODNOEXCEPTION;CBRANCH,0.9744062661340724,316,304
collections.iterators.FilterIterator,LINE;BRANCH;EXCEPTION;WEAKMUTATION;OUTPUT;METHOD;METHODNOEXCEPTION;CBRANCH,0.8327511014527268,132,115
collections.map.PredicatedMap,LINE;BRANCH;EXCEPTION;WEAKMUTATION;OUTPUT;METHOD;METHODNOEXCEPTION;CBRANCH,0.9791666666666666,141,139
math.genetics.ElitisticListPopulation,LINE;BRANCH;EXCEPTION;WEAKMUTATION;OUTPUT;METHOD;METHODNOEXCEPTION;CBRANCH,0.9320652173913043,114,107
collections.comparators.FixedOrderComparator,LINE;BRANCH;EXCEPTION;WEAKMUTATION;OUTPUT;METHOD;METHODNOEXCEPTION;CBRANCH,0.7200390274720796,310,268
collections.iterators.FilterIterator,LINE;BRANCH;EXCEPTION;WEAKMUTATION;OUTPUT;METHOD;METHODNOEXCEPTION;CBRANCH,0.7544189588790982,132,101
collections.map.PredicatedMap,LINE;BRANCH;EXCEPTION;WEAKMUTATION;OUTPUT;METHOD;METHODNOEXCEPTION;CBRANCH,0.9791666666666666,139,137
math.genetics.ElitisticListPopulation,LINE;BRANCH;EXCEPTION;WEAKMUTATION;OUTPUT;METHOD;METHODNOEXCEPTION;CBRANCH,0.9347826086956521,115,109
collections.comparators.FixedOrderComparator,LINE;BRANCH;EXCEPTION;WEAKMUTATION;OUTPUT;METHOD;METHODNOEXCEPTION;CBRANCH,0.9744062661340724,315,303
collections.iterators.FilterIterator,LINE;BRANCH;EXCEPTION;WEAKMUTATION;OUTPUT;METHOD;METHODNOEXCEPTION;CBRANCH,0.923785177026276,132,121
collections.map.PredicatedMap,LINE;BRANCH;EXCEPTION;WEAKMUTATION;OUTPUT;METHOD;METHODNOEXCEPTION;CBRANCH,0.9791666666666666,139,137
math.genetics.ElitisticListPopulation,LINE;BRANCH;EXCEPTION;WEAKMUTATION;OUTPUT;METHOD;METHODNOEXCEPTION;CBRANCH,0.9347826086956521,114,108
collections.comparators.FixedOrderComparator,LINE;BRANCH;EXCEPTION;WEAKMUTATION;OUTPUT;METHOD;METHODNOEXCEPTION;CBRANCH,0.9744062661340724,313,301
collections.iterators.FilterIterator,LINE;BRANCH;EXCEPTION;WEAKMUTATION;OUTPUT;METHOD;METHODNOEXCEPTION;CBRANCH,0.9762840358815591,133,129
collections.comparators.FixedOrderComparator,LINE;BRANCH;EXCEPTION;WEAKMUTATION;OUTPUT;METHOD;METHODNOEXCEPTION;CBRANCH,0.9744062661340724,315,304
collections.iterators.FilterIterator,LINE;BRANCH;EXCEPTION;WEAKMUTATION;OUTPUT;METHOD;METHODNOEXCEPTION;CBRANCH,0.984375,133,132
collections.map.PredicatedMap,LINE;BRANCH;EXCEPTION;WEAKMUTATION;OUTPUT;METHOD;METHODNOEXCEPTION;CBRANCH,0.9791666666666666,138,136
math.genetics.ElitisticListPopulation,LINE;BRANCH;EXCEPTION;WEAKMUTATION;OUTPUT;METHOD;METHODNOEXCEPTION;CBRANCH,0.9320652173913043,114,107
collections.comparators.FixedOrderComparator,LINE;BRANCH;EXCEPTION;WEAKMUTATION;OUTPUT;METHOD;METHODNOEXCEPTION;CBRANCH,0.9744062661340724,314,303
collections.iterators.FilterIterator,LINE;BRANCH;EXCEPTION;WEAKMUTATION;OUTPUT;METHOD;METHODNOEXCEPTION;CBRANCH,0.9606590358815591,133,128
collections.map.PredicatedMap,LINE;BRANCH;EXCEPTION;WEAKMUTATION;OUTPUT;METHOD;METHODNOEXCEPTION;CBRANCH,0.9791666666666666,142,140
math.genetics.ElitisticListPopulation,LINE;BRANCH;EXCEPTION;WEAKMUTATION;OUTPUT;METHOD;METHODNOEXCEPTION;CBRANCH,0.9320652173913043,115,108
collections.comparators.FixedOrderComparator,LINE;BRANCH;EXCEPTION;WEAKMUTATION;OUTPUT;METHOD;METHODNOEXCEPTION;CBRANCH,0.9744062661340724,313,302
collections.iterators.FilterIterator,LINE;BRANCH;EXCEPTION;WEAKMUTATION;OUTPUT;METHOD;METHODNOEXCEPTION;CBRANCH,0.909343246407875,133,124
collections.map.PredicatedMap,LINE;BRANCH;EXCEPTION;WEAKMUTATION;OUTPUT;METHOD;METHODNOEXCEPTION;CBRANCH,0.9791666666666666,142,140
math.genetics.ElitisticListPopulation,LINE;BRANCH;EXCEPTION;WEAKMUTATION;OUTPUT;METHOD;METHODNOEXCEPTION;CBRANCH,0.8665157004830917,114,96
collections.comparators.FixedOrderComparator,LINE;BRANCH;EXCEPTION;WEAKMUTATION;OUTPUT;METHOD;METHODNOEXCEPTION;CBRANCH,0.9744062661340724,313,302
collections.iterators.FilterIterator,LINE;BRANCH;EXCEPTION;WEAKMUTATION;OUTPUT;METHOD;METHODNOEXCEPTION;CBRANCH,0.8356590358815591,133,128
collections.map.PredicatedMap,LINE;BRANCH;EXCEPTION;WEAKMUTATION;OUTPUT;METHOD;METHODNOEXCEPTION;CBRANCH,0.9791666666666666,137,135
math.genetics.ElitisticListPopulation,LINE;BRANCH;EXCEPTION;WEAKMUTATION;OUTPUT;METHOD;METHODNOEXCEPTION;CBRANCH,0.9347826086956521,115,109
collections.comparators.FixedOrderComparator,LINE;BRANCH;EXCEPTION;WEAKMUTATION;OUTPUT;METHOD;METHODNOEXCEPTION;CBRANCH,0.9744062661340724,314,303
collections.iterators.FilterIterator,LINE;BRANCH;EXCEPTION;WEAKMUTATION;OUTPUT;METHOD;METHODNOEXCEPTION;CBRANCH,0.75121383067397,131,99
collections.map.PredicatedMap,LINE;BRANCH;EXCEPTION;WEAKMUTATION;OUTPUT;METHOD;METHODNOEXCEPTION;CBRANCH,0.8541666666666667,140,137
math.genetics.ElitisticListPopulation,LINE;BRANCH;EXCEPTION;WEAKMUTATION;OUTPUT;METHOD;METHODNOEXCEPTION;CBRANCH,0.9320652173913043,114,107
collections.comparators.FixedOrderComparator,LINE;BRANCH;EXCEPTION;WEAKMUTATION;OUTPUT;METHOD;METHODNOEXCEPTION;CBRANCH,0.9744062661340724,315,304
collections.iterators.FilterIterator,LINE;BRANCH;EXCEPTION;WEAKMUTATION;OUTPUT;METHOD;METHODNOEXCEPTION;CBRANCH,0.8905131182027468,133,121
collections.map.PredicatedMap,LINE;BRANCH;EXCEPTION;WEAKMUTATION;OUTPUT;METHOD;METHODNOEXCEPTION;CBRANCH,0.8541666666666667,141,138
math.genetics.ElitisticListPopulation,LINE;BRANCH;EXCEPTION;WEAKMUTATION;OUTPUT;METHOD;METHODNOEXCEPTION;CBRANCH,0.9347826086956521,114,107
collections.comparators.FixedOrderComparator,LINE;BRANCH;EXCEPTION;WEAKMUTATION;OUTPUT;METHOD;METHODNOEXCEPTION;CBRANCH,0.9744062661340724,313,301
collections.iterators.FilterIterator,LINE;BRANCH;EXCEPTION;WEAKMUTATION;OUTPUT;METHOD;METHODNOEXCEPTION;CBRANCH,0.954080088513138,133,128
collections.map.PredicatedMap,LINE;BRANCH;EXCEPTION;WEAKMUTATION;OUTPUT;METHOD;METHODNOEXCEPTION;CBRANCH,0.8541666666666667,140,137
math.genetics.ElitisticListPopulation,LINE;BRANCH;EXCEPTION;WEAKMUTATION;OUTPUT;METHOD;METHODNOEXCEPTION;CBRANCH,0.9320652173913043,114,107
collections.comparators.FixedOrderComparator,LINE;BRANCH;EXCEPTION;WEAKMUTATION;OUTPUT;METHOD;METHODNOEXCEPTION;CBRANCH,0.9744062661340724,315,304
collections.iterators.FilterIterator,LINE;BRANCH;EXCEPTION;WEAKMUTATION;OUTPUT;METHOD;METHODNOEXCEPTION;CBRANCH,0.8549550488211478,131,117
collections.map.PredicatedMap,LINE;BRANCH;EXCEPTION;WEAKMUTATION;OUTPUT;METHOD;METHODNOEXCEPTION;CBRANCH,0.8541666666666667,142,138
math.genetics.ElitisticListPopulation,LINE;BRANCH;EXCEPTION;WEAKMUTATION;OUTPUT;METHOD;METHODNOEXCEPTION;CBRANCH,0.9320652173913043,113,106
collections.comparators.FixedOrderComparator,LINE;BRANCH;EXCEPTION;WEAKMUTATION;OUTPUT;METHOD;METHODNOEXCEPTION;CBRANCH,0.9744062661340724,314,303
collections.iterators.FilterIterator,LINE;BRANCH;EXCEPTION;WEAKMUTATION;OUTPUT;METHOD;METHODNOEXCEPTION;CBRANCH,0.798785177026276,132,121
collections.map.PredicatedMap,LINE;BRANCH;EXCEPTION;WEAKMUTATION;OUTPUT;METHOD;METHODNOEXCEPTION;CBRANCH,0.9791666666666666,141,139
math.genetics.ElitisticListPopulation,LINE;BRANCH;EXCEPTION;WEAKMUTATION;OUTPUT;METHOD;METHODNOEXCEPTION;CBRANCH,0.9347826086956521,115,109
collections.comparators.FixedOrderComparator,LINE;BRANCH;EXCEPTION;WEAKMUTATION;OUTPUT;METHOD;METHODNOEXCEPTION;CBRANCH,0.9744062661340724,313,302
collections.iterators.FilterIterator,LINE;BRANCH;EXCEPTION;WEAKMUTATION;OUTPUT;METHOD;METHODNOEXCEPTION;CBRANCH,0.8031349229975391,132,106
collections.map.PredicatedMap,LINE;BRANCH;EXCEPTION;WEAKMUTATION;OUTPUT;METHOD;METHODNOEXCEPTION;CBRANCH,0.9791666666666666,139,137
math.genetics.ElitisticListPopulation,LINE;BRANCH;EXCEPTION;WEAKMUTATION;OUTPUT;METHOD;METHODNOEXCEPTION;CBRANCH,0.9320652173913043,115,108
collections.comparators.FixedOrderComparator,LINE;BRANCH;EXCEPTION;WEAKMUTATION;OUTPUT;METHOD;METHODNOEXCEPTION;CBRANCH,0.9744062661340724,313,302
collections.iterators.FilterIterator,LINE;BRANCH;EXCEPTION;WEAKMUTATION;OUTPUT;METHOD;METHODNOEXCEPTION;CBRANCH,0.947501141144717,132,124
collections.map.PredicatedMap,LINE;BRANCH;EXCEPTION;WEAKMUTATION;OUTPUT;METHOD;METHODNOEXCEPTION;CBRANCH,0.8541666666666667,140,138
math.genetics.ElitisticListPopulation,LINE;BRANCH;EXCEPTION;WEAKMUTATION;OUTPUT;METHOD;METHODNOEXCEPTION;CBRANCH,0.9347826086956521,114,108
collections.comparators.FixedOrderComparator,LINE;BRANCH;EXCEPTION;WEAKMUTATION;OUTPUT;METHOD;METHODNOEXCEPTION;CBRANCH,0.9744062661340724,314,303
collections.iterators.FilterIterator,LINE;BRANCH;EXCEPTION;WEAKMUTATION;OUTPUT;METHOD;METHODNOEXCEPTION;CBRANCH,0.9586369770580299,133,129
collections.map.PredicatedMap,LINE;BRANCH;EXCEPTION;WEAKMUTATION;OUTPUT;METHOD;METHODNOEXCEPTION;CBRANCH,0.9791666666666666,141,139
math.genetics.ElitisticListPopulation,LINE;BRANCH;EXCEPTION;WEAKMUTATION;OUTPUT;METHOD;METHODNOEXCEPTION;CBRANCH,0.9347826086956521,115,109
collections.comparators.FixedOrderComparator,LINE;BRANCH;EXCEPTION;WEAKMUTATION;OUTPUT;METHOD;METHODNOEXCEPTION;CBRANCH,0.9744062661340724,316,305
collections.iterators.FilterIterator,LINE;BRANCH;EXCEPTION;WEAKMUTATION;OUTPUT;METHOD;METHODNOEXCEPTION;CBRANCH,0.7167971540843058,132,116
collections.map.PredicatedMap,LINE;BRANCH;EXCEPTION;WEAKMUTATION;OUTPUT;METHOD;METHODNOEXCEPTION;CBRANCH,0.9791666666666666,142,138
math.genetics.ElitisticListPopulation,LINE;BRANCH;EXCEPTION;WEAKMUTATION;OUTPUT;METHOD;METHODNOEXCEPTION;CBRANCH,0.9320652173913043,114,107
collections.comparators.FixedOrderComparator,LINE;BRANCH;EXCEPTION;WEAKMUTATION;OUTPUT;METHOD;METHODNOEXCEPTION;CBRANCH,0.9744062661340724,314,303
collections.iterators.FilterIterator,LINE;BRANCH;EXCEPTION;WEAKMUTATION;OUTPUT;METHOD;METHODNOEXCEPTION;CBRANCH,0.895002282289434,130,116
collections.map.PredicatedMap,LINE;BRANCH;EXCEPTION;WEAKMUTATION;OUTPUT;METHOD;METHODNOEXCEPTION;CBRANCH,0.9791666666666666,143,141
math.genetics.ElitisticListPopulation,LINE;BRANCH;EXCEPTION;WEAKMUTATION;OUTPUT;METHOD;METHODNOEXCEPTION;CBRANCH,0.9347826086956521,115,109
collections.comparators.FixedOrderComparator,LINE;BRANCH;EXCEPTION;WEAKMUTATION;OUTPUT;METHOD;METHODNOEXCEPTION;CBRANCH,0.9744062661340724,314,302
collections.iterators.FilterIterator,LINE;BRANCH;EXCEPTION;WEAKMUTATION;OUTPUT;METHOD;METHODNOEXCEPTION;CBRANCH,0.7544189588790982,132,101
collections.map.PredicatedMap,LINE;BRANCH;EXCEPTION;WEAKMUTATION;OUTPUT;METHOD;METHODNOEXCEPTION;CBRANCH,0.9791666666666666,141,139
math.genetics.ElitisticListPopulation,LINE;BRANCH;EXCEPTION;WEAKMUTATION;OUTPUT;METHOD;METHODNOEXCEPTION;CBRANCH,0.8665157004830917,114,96
collections.comparators.FixedOrderComparator,LINE;BRANCH;EXCEPTION;WEAKMUTATION;OUTPUT;METHOD;METHODNOEXCEPTION;CBRANCH,0.9744062661340724,314,303
collections.iterators.FilterIterator,LINE;BRANCH;EXCEPTION;WEAKMUTATION;OUTPUT;METHOD;METHODNOEXCEPTION;CBRANCH,0.7544189588790982,132,101
collections.map.PredicatedMap,LINE;BRANCH;EXCEPTION;WEAKMUTATION;OUTPUT;METHOD;METHODNOEXCEPTION;CBRANCH,0.9791666666666666,137,135
math.genetics.ElitisticListPopulation,LINE;BRANCH;EXCEPTION;WEAKMUTATION;OUTPUT;METHOD;METHODNOEXCEPTION;CBRANCH,0.9320652173913043,115,108
collections.comparators.FixedOrderComparator,LINE;BRANCH;EXCEPTION;WEAKMUTATION;OUTPUT;METHOD;METHODNOEXCEPTION;CBRANCH,0.9744062661340724,315,304
collections.iterators.FilterIterator,LINE;BRANCH;EXCEPTION;WEAKMUTATION;OUTPUT;METHOD;METHODNOEXCEPTION;CBRANCH,0.9343432464078749,133,124
collections.map.PredicatedMap,LINE;BRANCH;EXCEPTION;WEAKMUTATION;OUTPUT;METHOD;METHODNOEXCEPTION;CBRANCH,0.9791666666666666,141,139
math.genetics.ElitisticListPopulation,LINE;BRANCH;EXCEPTION;WEAKMUTATION;OUTPUT;METHOD;METHODNOEXCEPTION;CBRANCH,0.9320652173913043,115,108
collections.comparators.FixedOrderComparator,LINE;BRANCH;EXCEPTION;WEAKMUTATION;OUTPUT;METHOD;METHODNOEXCEPTION;CBRANCH,0.9744062661340724,314,303
collections.iterators.FilterIterator,LINE;BRANCH;EXCEPTION;WEAKMUTATION;OUTPUT;METHOD;METHODNOEXCEPTION;CBRANCH,0.984375,133,132
collections.map.PredicatedMap,LINE;BRANCH;EXCEPTION;WEAKMUTATION;OUTPUT;METHOD;METHODNOEXCEPTION;CBRANCH,0.9791666666666666,141,139
math.genetics.ElitisticListPopulation,LINE;BRANCH;EXCEPTION;WEAKMUTATION;OUTPUT;METHOD;METHODNOEXCEPTION;CBRANCH,0.9347826086956521,114,108
collections.comparators.FixedOrderComparator,LINE;BRANCH;EXCEPTION;WEAKMUTATION;OUTPUT;METHOD;METHODNOEXCEPTION;CBRANCH,0.9744062661340724,315,304
collections.iterators.FilterIterator,LINE;BRANCH;EXCEPTION;WEAKMUTATION;OUTPUT;METHOD;METHODNOEXCEPTION;CBRANCH,0.8909221937762959,133,125
collections.map.PredicatedMap,LINE;BRANCH;EXCEPTION;WEAKMUTATION;OUTPUT;METHOD;METHODNOEXCEPTION;CBRANCH,0.9791666666666666,142,138
math.genetics.ElitisticListPopulation,LINE;BRANCH;EXCEPTION;WEAKMUTATION;OUTPUT;METHOD;METHODNOEXCEPTION;CBRANCH,0.9347826086956521,114,108
collections.comparators.FixedOrderComparator,LINE;BRANCH;EXCEPTION;WEAKMUTATION;OUTPUT;METHOD;METHODNOEXCEPTION;CBRANCH,0.9744062661340724,313,302
collections.iterators.FilterIterator,LINE;BRANCH;EXCEPTION;WEAKMUTATION;OUTPUT;METHOD;METHODNOEXCEPTION;CBRANCH,0.8159221937762959,133,124
collections.map.PredicatedMap,LINE;BRANCH;EXCEPTION;WEAKMUTATION;OUTPUT;METHOD;METHODNOEXCEPTION;CBRANCH,0.9791666666666666,140,138
math.genetics.ElitisticListPopulation,LINE;BRANCH;EXCEPTION;WEAKMUTATION;OUTPUT;METHOD;METHODNOEXCEPTION;CBRANCH,0.9347826086956521,115,109
collections.comparators.FixedOrderComparator,LINE;BRANCH;EXCEPTION;WEAKMUTATION;OUTPUT;METHOD;METHODNOEXCEPTION;CBRANCH,0.9744062661340724,313,302
collections.iterators.FilterIterator,LINE;BRANCH;EXCEPTION;WEAKMUTATION;OUTPUT;METHOD;METHODNOEXCEPTION;CBRANCH,0.8975011411447169,132,125
collections.map.PredicatedMap,LINE;BRANCH;EXCEPTION;WEAKMUTATION;OUTPUT;METHOD;METHODNOEXCEPTION;CBRANCH,0.9791666666666666,140,138
math.genetics.ElitisticListPopulation,LINE;BRANCH;EXCEPTION;WEAKMUTATION;OUTPUT;METHOD;METHODNOEXCEPTION;CBRANCH,0.9320652173913043,114,107
collections.comparators.FixedOrderComparator,LINE;BRANCH;EXCEPTION;WEAKMUTATION;OUTPUT;METHOD;METHODNOEXCEPTION;CBRANCH,0.9744062661340724,314,303
collections.iterators.FilterIterator,LINE;BRANCH;EXCEPTION;WEAKMUTATION;OUTPUT;METHOD;METHODNOEXCEPTION;CBRANCH,0.7544189588790982,132,101
collections.map.PredicatedMap,LINE;BRANCH;EXCEPTION;WEAKMUTATION;OUTPUT;METHOD;METHODNOEXCEPTION;CBRANCH,0.9791666666666666,140,136
math.genetics.ElitisticListPopulation,LINE;BRANCH;EXCEPTION;WEAKMUTATION;OUTPUT;METHOD;METHODNOEXCEPTION;CBRANCH,0.9347826086956521,115,109
collections.comparators.FixedOrderComparator,LINE;BRANCH;EXCEPTION;WEAKMUTATION;OUTPUT;METHOD;METHODNOEXCEPTION;CBRANCH,0.9744062661340724,313,301
collections.iterators.FilterIterator,LINE;BRANCH;EXCEPTION;WEAKMUTATION;OUTPUT;METHOD;METHODNOEXCEPTION;CBRANCH,0.984375,133,132
collections.map.PredicatedMap,LINE;BRANCH;EXCEPTION;WEAKMUTATION;OUTPUT;METHOD;METHODNOEXCEPTION;CBRANCH,0.9791666666666666,141,139
math.genetics.ElitisticListPopulation,LINE;BRANCH;EXCEPTION;WEAKMUTATION;OUTPUT;METHOD;METHODNOEXCEPTION;CBRANCH,0.9347826086956521,115,109
collections.comparators.FixedOrderComparator,LINE;BRANCH;EXCEPTION;WEAKMUTATION;OUTPUT;METHOD;METHODNOEXCEPTION;CBRANCH,0.9744062661340724,313,302
collections.iterators.FilterIterator,LINE;BRANCH;EXCEPTION;WEAKMUTATION;OUTPUT;METHOD;METHODNOEXCEPTION;CBRANCH,0.7544189588790982,132,101
collections.map.PredicatedMap,LINE;BRANCH;EXCEPTION;WEAKMUTATION;OUTPUT;METHOD;METHODNOEXCEPTION;CBRANCH,0.9791666666666666,139,137
math.genetics.ElitisticListPopulation,LINE;BRANCH;EXCEPTION;WEAKMUTATION;OUTPUT;METHOD;METHODNOEXCEPTION;CBRANCH,0.9347826086956521,114,108
collections.comparators.FixedOrderComparator,LINE;BRANCH;EXCEPTION;WEAKMUTATION;OUTPUT;METHOD;METHODNOEXCEPTION;CBRANCH,0.9744062661340724,313,302
collections.iterators.FilterIterator,LINE;BRANCH;EXCEPTION;WEAKMUTATION;OUTPUT;METHOD;METHODNOEXCEPTION;CBRANCH,0.7544189588790982,130,99
collections.map.PredicatedMap,LINE;BRANCH;EXCEPTION;WEAKMUTATION;OUTPUT;METHOD;METHODNOEXCEPTION;CBRANCH,0.9791666666666666,140,137
math.genetics.ElitisticListPopulation,LINE;BRANCH;EXCEPTION;WEAKMUTATION;OUTPUT;METHOD;METHODNOEXCEPTION;CBRANCH,0.9347826086956521,114,108
collections.comparators.FixedOrderComparator,LINE;BRANCH;EXCEPTION;WEAKMUTATION;OUTPUT;METHOD;METHODNOEXCEPTION;CBRANCH,0.9744062661340724,313,302
collections.iterators.FilterIterator,LINE;BRANCH;EXCEPTION;WEAKMUTATION;OUTPUT;METHOD;METHODNOEXCEPTION;CBRANCH,0.922501141144717,132,125
collections.map.PredicatedMap,LINE;BRANCH;EXCEPTION;WEAKMUTATION;OUTPUT;METHOD;METHODNOEXCEPTION;CBRANCH,0.9791666666666666,145,141
math.genetics.ElitisticListPopulation,LINE;BRANCH;EXCEPTION;WEAKMUTATION;OUTPUT;METHOD;METHODNOEXCEPTION;CBRANCH,0.9320652173913043,114,107
collections.comparators.FixedOrderComparator,LINE;BRANCH;EXCEPTION;WEAKMUTATION;OUTPUT;METHOD;METHODNOEXCEPTION;CBRANCH,0.9744062661340724,313,301
collections.iterators.FilterIterator,LINE;BRANCH;EXCEPTION;WEAKMUTATION;OUTPUT;METHOD;METHODNOEXCEPTION;CBRANCH,0.9606590358815591,132,127
collections.map.PredicatedMap,LINE;BRANCH;EXCEPTION;WEAKMUTATION;OUTPUT;METHOD;METHODNOEXCEPTION;CBRANCH,0.9791666666666666,141,139
math.genetics.ElitisticListPopulation,LINE;BRANCH;EXCEPTION;WEAKMUTATION;OUTPUT;METHOD;METHODNOEXCEPTION;CBRANCH,0.9347826086956521,114,108
collections.comparators.FixedOrderComparator,LINE;BRANCH;EXCEPTION;WEAKMUTATION;OUTPUT;METHOD;METHODNOEXCEPTION;CBRANCH,0.9744062661340724,314,301
collections.iterators.FilterIterator,LINE;BRANCH;EXCEPTION;WEAKMUTATION;OUTPUT;METHOD;METHODNOEXCEPTION;CBRANCH,0.8831601770262761,131,118
collections.map.PredicatedMap,LINE;BRANCH;EXCEPTION;WEAKMUTATION;OUTPUT;METHOD;METHODNOEXCEPTION;CBRANCH,0.9791666666666666,140,138
math.genetics.ElitisticListPopulation,LINE;BRANCH;EXCEPTION;WEAKMUTATION;OUTPUT;METHOD;METHODNOEXCEPTION;CBRANCH,0.9320652173913043,114,106
collections.comparators.FixedOrderComparator,LINE;BRANCH;EXCEPTION;WEAKMUTATION;OUTPUT;METHOD;METHODNOEXCEPTION;CBRANCH,0.9744062661340724,313,301
collections.iterators.FilterIterator,LINE;BRANCH;EXCEPTION;WEAKMUTATION;OUTPUT;METHOD;METHODNOEXCEPTION;CBRANCH,0.923785177026276,132,121
collections.map.PredicatedMap,LINE;BRANCH;EXCEPTION;WEAKMUTATION;OUTPUT;METHOD;METHODNOEXCEPTION;CBRANCH,0.9791666666666666,139,137
math.genetics.ElitisticListPopulation,LINE;BRANCH;EXCEPTION;WEAKMUTATION;OUTPUT;METHOD;METHODNOEXCEPTION;CBRANCH,0.8665157004830917,114,96
collections.comparators.FixedOrderComparator,LINE;BRANCH;EXCEPTION;WEAKMUTATION;OUTPUT;METHOD;METHODNOEXCEPTION;CBRANCH,0.9744062661340724,313,302
collections.iterators.FilterIterator,LINE;BRANCH;EXCEPTION;WEAKMUTATION;OUTPUT;METHOD;METHODNOEXCEPTION;CBRANCH,0.9119430717631182,132,123
collections.map.PredicatedMap,LINE;BRANCH;EXCEPTION;WEAKMUTATION;OUTPUT;METHOD;METHODNOEXCEPTION;CBRANCH,0.9791666666666666,137,135
math.genetics.ElitisticListPopulation,LINE;BRANCH;EXCEPTION;WEAKMUTATION;OUTPUT;METHOD;METHODNOEXCEPTION;CBRANCH,0.9320652173913043,114,107
